ROW_ID,ITEMID,LABEL_CN,LABEL,FLUID,CATEGORY,LOINC_CODE
1,5002,嗜酸性粒细胞,Eosinophils,Blood,Hematology,711-2
2,5005,中性粒细胞%(*),Neutrophils %,Blood,Hematology,
3,5006,淋巴细胞%(*),"Lymphocytes, Percent",Blood,Hematology,26478-8
4,5008,巨噬细胞%(*),Macrophage%,Blood,Chemistry,
5,5010,其它细胞%(*),Other cells %,,,
6,5013,副流感II病毒,PARAINFLUENZA VIRUS TYPE 2,Blood,Chemistry,
7,5015,呼吸道合胞病毒,RSV,Blood,Chemistry,
8,5016,尿钙(24小时）,"Calcium, Urine(24h)",Urine,Chemistry,
9,5017,尿钾（24小时）,"Potassium, Urine",Urine,Chemistry,338978
10,5018,尿钠（24小时）,"Sodium, Urine(24h)",Urine,Chemistry,
11,5019,尿磷（24小时）,"Phosphate, Urine",Urine,Chemistry,320928
12,5021,白球比例,ALB/GLB,Blood,Hematology,
13,5022,腺苷脱氨酶,adenosine deaminase,Blood,Chemistry,
14,5024,白蛋白,Albumin,Blood,Chemistry,1751-7
15,5025,碱性磷酸酶,Alkaline Phosphatase,Blood,Chemistry,1778154
16,5026,丙氨酸氨基转移酶,Alanine Aminotransferase (ALT),Blood,Chemistry,1742-6
17,5027,淀粉酶,Amylase,Blood,Chemistry,1798-8
18,5028,载脂蛋白A1,Apolipoprotein A1,Blood,Chemistry,
19,5030,抗链球菌溶血素O,Anti-Streptolysin O（ASO）,Blood,Chemistry,
20,5031,天门冬氨酸氨基转移酶,Asparate Aminotransferase (AST),Blood,Chemistry,7519
21,5032,肌酐（干片法）,Creatinine,Blood,Chemistry,2160-0
22,5033,尿素,Urea,Blood,Chemistry,
23,5034,钙,"Calcium, Total",Blood,Chemistry,36739
24,5035,尿钙/尿肌酐,Urinary ca/cr ratio,Urine,Chemistry,
25,5036,校正的CCR,Creatinine Clearance,Urine,Chemistry,33558-8
26,5037,胆固醇,"Cholesterol, Total",Blood,Chemistry,70554
27,5038,肌酸激酶,Creatine Kinase (CK),Blood,Chemistry,94021
28,5039,肌酸激酶-MB活性,"Creatine Kinase, MB Isoenzyme",Blood,Chemistry,1779980
29,5040,氯,"Chloride, CSF",Cerebrospinal Fluid (CSF),Chemistry,
30,5041,肌酐,Creatinine,Blood,Chemistry,2160-0
31,5042,直接胆红素,"Bilirubin, Direct",Blood,Chemistry,25020
32,5045,γ-谷氨酰基转移酶,Gamma Glutamyltransferase,Blood,Chemistry,154895
33,5046,球蛋白,Globulin,Blood,Chemistry,159399
34,5047,葡萄糖,Glucose,Blood,Blood Gas,2339-0
35,5054,高密度脂蛋白胆固醇,"Cholesterol, HDL",Blood,Chemistry,67816
36,5055,间接胆红素,"Bilirubin, Indirect",Blood,Chemistry,25934
37,5056,钾,"Potassium, Urine",Urine,Chemistry,338978
38,5057,乳酸脱氢酶,Lactate Dehydrogenase (LD),Blood,Chemistry,2532-0
39,5058,低密度脂蛋白胆固醇,"Cholesterol, LDL, Measured",Blood,Chemistry,18262-6
40,5059,镁,Magnesium,Blood,Chemistry,256096
41,5060,微量总蛋白,"Microalbumin, Urine",Urine,Chemistry,1754-1
42,5061,尿蛋白/尿肌酐,Protein/Creatinine Ratio,Urine,Chemistry,361624
43,5062,钠,Sodium,Blood,Chemistry,383903
44,5063,尿钙,"Calcium, Urine",Urine,Chemistry,2004-0
45,5064,尿肌酐,"Creatinine, Urine",Urine,Chemistry,95543
46,5065,尿蛋白定量（24H）,24 hr Protein,Urine,Chemistry,361318
47,5066,尿钾,"Potassium, Urine",Urine,Chemistry,338978
48,5068,24小时尿量(ml),24-hour urine output,Urine,Hematology,
49,5069,尿钠,"Sodium, Urine",Urine,Chemistry,385392
50,5071,胰淀粉酶,Pancreatic amylase,Blood,Chemistry,
51,5072,磷,Phosphate,Blood,Chemistry,320320
52,5073,类风湿因子,Rheumatoid Factor,Blood,Chemistry,1836593
53,5074,总胆汁酸,Total Bile Acid,,,
54,5075,总胆红素,"Bilirubin, Total",Blood,Chemistry,27426
55,5076,体表面积,BSA,,,
56,5077,甘油三脂,Triglycerides,Blood,Chemistry,1644-4
57,5078,总蛋白,"Protein, Total",Blood,Chemistry,359798
58,5080,载脂蛋白B,Apolipoprotein B,Blood,Chemistry,
59,5081,CCR,CCR,Blood,Chemistry,
60,5083,尿酸,"Uric Acid, Urine",Urine,Chemistry,433331
61,5094,中性粒细胞绝对值,Neutrophils,Blood,Hematology,761-7
62,5095,中性粒细胞,Neutrophils %,Blood,Hematology,
63,5097,红细胞压积,Hematocrit,Blood,Hematology,965763
64,5099,血红蛋白,Hemoglobin,Blood,Hematology,718-7
65,5110,淋巴细胞绝对值,Absolute Lymphocyte Count,Blood,Hematology,26474-7
66,5111,淋巴细胞,"Lymphocytes, Percent",Blood,Hematology,26478-8
67,5113,平均血红蛋白量,MCH,Blood,Hematology,785-6
68,5114,平均血红蛋白浓度,MCHC,Blood,Hematology,786-4
69,5115,平均红细胞体积,MCV,Blood,Hematology,787-2
70,5119,疟原虫,Plasmodium,Blood,Chemistry,
71,5120,平均血小板体积,Mean Platelet Volume (MPV),Blood,Hematology,
72,5121,网织红细胞,Reticulocyte (%),Blood,Hematology,
73,5127,血小板压积,PCT,Blood,Hematology,
74,5128,血小板分布宽度,Platelet distribution width,Blood,Hematology,
75,5129,血小板计数,Platelet Count,Blood,Hematology,777-3
76,5132,红细胞计数,Red Blood Cells,Blood,Hematology,789-8
77,5136,红细胞分布宽度,RDW,Blood,Hematology,788-0
78,5141,白细胞计数,WBC Count,Blood,Hematology,26464-8
79,5151,有核红细胞:白细胞,nucleated cells:white cell,Blood,Hematology,
80,5153,异淋,Atypical Lymphocytes,Blood,Hematology,733-6
81,5155,异常细胞(镜检),Abnormal cells (Microscopic examination),Blood,Hematology,
82,5156,幼稚细胞分类,immature cells,Blood,Hematology,
83,5160,早幼粒细胞,Promyelocytes,Blood,Hematology,781-5
84,5161,被 检 者： 活化部分凝血活酶时间,PTT,Blood,Hematology,464987
85,5162,血块收缩试验,clot retraction tes,Blood,Chemistry,
86,5163,血浆D-二聚体测定,D-Dimer,Blood,Chemistry,
87,5164,纤维蛋白原（Fib),"Fibrinogen, Functional",Blood,Hematology,495087
88,5165,被 检 者：凝血因子II活性,Factor II,Blood,Hematology,507476
89,5166,被 检 者：凝血因子IX活性,Factor IX,Blood,Hematology,3188-0
90,5167,被 检 者：凝血因子V活性,Factor V,Blood,Hematology,3193-0
91,5168,被 检 者：凝血因子VII活性,Factor VII,Blood,Hematology,474330
92,5169,被 检 者：凝血因子VIII活性,Factor VIII,Blood,Hematology,478195
93,5170,被 检 者：凝血因子X活性,Factor X,Blood,Hematology,481512
94,5171,被 检 者：凝血因子XI活性,Factor XI,Blood,Hematology,484526
95,5172,被 检 者：凝血因子XII活性,Factor XII,Blood,Hematology,486657
96,5173,高铁血红蛋白还原试验,Methemoglobin reduction test,Blood,Chemistry,
97,5174,国际标准化比率(INR),INR(PT),Blood,Hematology,1459327
98,5175,正常对照：活化部分凝血活酶时间APTT,Reference: APTT,Blood,Hematology,
99,5176,正常对照：凝血因子II活性,Reference:Factor II,Blood,Hematology,507476
100,5177,正常对照：凝血因子IX活性,Reference:Factor IX,Blood,Hematology,3188-0
101,5178,正常对照：凝血酶原时间（PT）,Reference:PT,Blood,Hematology,1461733
102,5179,正常对照：凝血酶时间(TT),Reference:TT,Blood,Hematology,
103,5180,正常对照：凝血因子V活性,Reference:Factor V,Blood,Hematology,3193-0
104,5181,正常对照：凝血因子VII活性,Reference:Factor VII,Blood,Hematology,474330
105,5182,正常对照：凝血因子VIII活性,Reference:Factor VIII,Blood,Hematology,478195
106,5183,正常对照：凝血因子X活性,Reference:Factor X,Blood,Hematology,481512
107,5184,正常对照：凝血因子XI活性,Reference:Factor XI,Blood,Hematology,484526
108,5185,正常对照：凝血因子XII活性,Reference:Factor XII,Blood,Hematology,486657
109,5186,被 检 者：凝血酶原时间(PT),PT,Blood,Hematology,1461733
110,5188,正常对照：开始溶血,"Reference:hemolysis, start",Blood,Hematology,
111,5189,被 检 者：开始溶血,start hemolysis,Blood,Hematology,
112,5190,正常对照：完全溶血,"Reference: hemolysis, complete ",Blood,Hematology,
113,5191,被 检 者：完全溶血,complete hemolysis,Blood,Hematology,
114,5192,被 检 者：凝血酶时间（TT）,thrombin time,Blood,Hematology,
115,5194,甲胎蛋白,Alpha-Fetoprotein,Blood,Chemistry,1834-1
116,5195,丙氨酸氨基转移酶(干片法）,Alanine Aminotransferase (ALT),Blood,Chemistry,1742-6
117,5196,糖类抗原199,Carbohydrate antigen 199,Blood,Chemistry,
118,5197,癌胚抗原,Carcinoembyronic Antigen (CEA),Blood,Chemistry,50922
119,5199,乙型肝炎病毒核心抗体(电化学发光),"Hepatitis B Core Antibody, IgM",Blood,Chemistry,31204-1
120,5200,乙型肝炎病毒核心抗体IgM(电化学发光),"Hepatitis B Core Antibody, IgM",Blood,Chemistry,31204-1
121,5201,乙型肝炎病毒e抗体(电化学发光),HBV e antibody,Blood,Chemistry,
122,5202,乙型肝炎病毒e抗原(电化学发光),HBV e antigen,Blood,Chemistry,
123,5203,乙型肝炎病毒表面抗体(电化学发光),Hepatitis B Surface Antibody,Blood,Chemistry,1202958
124,5204,乙型肝炎病毒表面抗原(电化学发光),Hepatitis B Surface Antigen,Blood,Chemistry,1203841
125,5205,人类免疫缺陷病毒抗体(ELISA),HIV Antibody,Blood,Chemistry,1212851
126,5208,"pO2(a/A,T)","pO2(a/A,T)",Blood,Chemistry,
127,5210,"pO2(A-a,T)","pO2(A-a,T)",Blood,Chemistry,
128,5211,实际碱剩余 ABE,Base Excess,Blood,Blood Gas,11555-0
129,5212,阴离子间隙 AG,Anion Gap,Blood,Chemistry,1863-0
130,5213,阴离子间隙 Anion Gap(K+),Anion Gap,Blood,Chemistry,1863-0
131,5215,钙（离子） Ca2+,"Calcium, Total",Blood,Chemistry,36739
132,5218,氯 Cl-,"Chloride, Whole Blood",Blood,Blood Gas,61788
133,5219,碳氧血红蛋白 COHb,Carboxyhemoglobin,Blood,Blood Gas,20563-3
134,5220,ctO2,ctO2,Blood,Chemistry,
135,5222,FO2(I),FO2(I),Blood,Chemistry,
136,5223,葡萄糖 Glu(电极法）,Glucose,Blood,Chemistry,162716
137,5224,碳酸氢根HCO3-,"Calculated Bicarbonate, Whole Blood",Blood,Blood Gas,21702
138,5225,红细胞压积Hct,Hematocrit,Blood,Hematology,965763
139,5226,钾 K+,Potassium,Other Body Fluid,Blood Gas,336572
140,5227,乳酸 Lac,Lactate,Blood,Blood Gas,32693-4
141,5228,高铁血红蛋白 MetHb,Methemoglobin,Blood,Blood Gas,260936
142,5229,mOsm,mOsm,Blood,Chemistry,
143,5230,钠 Na+,"Sodium, Whole Blood",Blood,Blood Gas,2947-0
144,5231,FO2Hb,FO2Hb,Blood,Chemistry,
145,5232,p50,p50,Blood,Chemistry,
146,5233,p50(T),p50(T),Blood,Chemistry,
147,5235,二氧化碳分压 pCO2,pCO2,Blood,Blood Gas,11557-6
148,5236,二氧化碳分压 pCO2(T),pCO2,Blood,Blood Gas,11557-6
149,5237,酸碱度 pH,pH,Blood,Blood Gas,11558-4
150,5238,酸碱度 pH(T),pH,Blood,Blood Gas,11558-4
151,5239,氧分压 pO2,pO2,Blood,Blood Gas,11556-8
152,5241,pO2(A)/FO2(I),pO2(A)/FO2(I),Blood,Chemistry,
153,5242,"pO2(A,T)","pO2(A,T)",Blood,Chemistry,
154,5243,pO2(T)/FO2(I),pO2(T)/FO2(I),Blood,Chemistry,
155,5244,氧分压 pO2(T),pO2,Blood,Blood Gas,11556-8
156,5245,pO2(x),pO2(x),Blood,Chemistry,
157,5246,FHHb,FHHb,Blood,Chemistry,
158,5247,RQ,RQ,Blood,Chemistry,
159,5248,标准碳酸氢根 SBC,Bicarbonate,Blood,Chemistry,23224
160,5249,标准碱剩余 SBE,Base Excess,Blood,Blood Gas,11555-0
161,5250,FShunt(T),FShunt(T),Blood,Chemistry,
162,5252,氧饱和度 sO2,Oxygen Saturation,Blood,Blood Gas,20564-1
163,5253,T(体温),Temperature,,,
164,5255,总胆红素 tBil,"Bilirubin, Total",Blood,Chemistry,27426
165,5256,tCO2(P),tCO2(P),Blood,Chemistry,
166,5257,血红蛋白 Hb,Hemoglobin,Blood,Hematology,718-7
167,5258,a1-微球蛋白,α-Microglobulin,Blood,Chemistry,
168,5262,补体C3,C3,Blood,Chemistry,944398
169,5263,补体C4,C4,Blood,Chemistry,948934
170,5264,铜蓝蛋白,Ceruloplasmin,Blood,Chemistry,
171,5281,免疫球蛋白A,Immunoglobulin A,Blood,Chemistry,204020
172,5283,总免疫球蛋白E,Immunoglobulin E,Blood,Chemistry,
173,5284,免疫球蛋白G,Immunoglobulin G,Blood,Chemistry,206424
174,5287,免疫球蛋白M,Immunoglobulin M,Blood,Chemistry,209165
175,5289,尿免疫球蛋白G,"IgG, Urine",Urine,Chemistry,
176,5292,尿微量白蛋白,"Albumin, Urine",Urine,Chemistry,1754-1
177,5306,前白蛋白,Prealbumin,Blood,Chemistry,
178,5307,视黄醇结合蛋白,Retinol-Binding Protein,Blood,Chemistry,
179,5310,尿转铁蛋白,urinary transferrin,Urine,Chemistry,
180,5325,尿胆红素,Bilirubin,Urine,Hematology,1413550
181,5326,潜血,"Blood, Occult",Stool,Hematology,159094
182,5328,粗颗粒管型,coarse granular cast,Urine,Hematology,
183,5329,虫卵,Parasite eggs,Stool,Hematology,
184,5330,清晰度,clearency,Urine,Hematology,
185,5333,淀粉颗粒,starch granules,Stool,Hematology,
186,5335,多核细胞,Multinucleated cells,Blood,Hematology,
187,5336,单个核细胞,mononuclear cell,Blood,Hematology,
188,5341,潜血（OB）,"Blood, Occult",Stool,Hematology,159094
189,5343,非晶形磷酸铵结晶,Amorphous ammonium phosphate Crystals,Urine,Hematology,
190,5345,非晶形尿酸盐结晶,Amorphous Urate Crystals,Urine,Hematology,
191,5348,尿糖,"Glucose, Urine",Urine,Chemistry,164542
192,5351,混合细胞管型,mixing cell casts,Urine,Hematology,
193,5356,尿酮体,Ketone,Urine,Hematology,1423504
194,5357,颗粒管型,Granular casts,Urine,Hematology,
195,5359,中性粒细胞酯酶,Neutrophils esterase,Urine,Chemistry,
196,5360,李凡它试验,Rivalta test,Pleural,Chemistry,
197,5363,乳糜试验, Chylus test,Pleural,Chemistry,
198,5365,磷酸铵镁结晶,phosphate ammonio magnesium crystal,Urine,Hematology,
199,5366,磷酸盐结晶,Calcium Phosphate Crystals,Urine,Hematology,1415348
200,5367,腊样管型,Waxy casts,Urine,Hematology,
201,5368,尿亚硝酸盐,Nitrite,Urine,Hematology,1425268
202,5369,尿酸结晶,Uric Acid Crystals,Urine,Hematology,1430688
203,5370,白/脓细胞,WBC/pus cell,Stool,Hematology,
204,5371,粘液,mucus,Stool,,
205,5372,粘液丝,urine mucus ,Urine,Hematology,
206,5373,尿酸碱度,pH,Urine,Hematology,1425574
207,5374,PH,PH,Blood,Chemistry,
208,5376,尿蛋白,"Total Protein, Urine",Urine,Chemistry,360709
209,5377,潘氏球蛋白定性试验,Pandy's test,Blood,Chemistry,
210,5378,其它,Other cells,Stool,,
211,5379,红细胞,RBC,Stool,Hematology,
212,5381,红细胞计数,RBC,Urine,Hematology,1427369
213,5382,红细胞计数,"RBC, CSF",Cerebrospinal Fluid (CSF),Hematology,26454-9
214,5384,比重,Specific Gravity,Urine,Hematology,1428585
215,5386,酸碱度,pH,Other Body Fluid,Blood Gas,309758
216,5387,上皮细胞,Epithelial cells,Urine,Hematology,
217,5392,抗酸杆菌,Acid-fast bacilli,Blood,Chemistry,
218,5393,透明度,transparency,Urine,Hematology,
219,5394,透明管型,hyaline cast,Urine,Hematology,
220,5395,涂片镜检,smear (microscopy examination),Blood,Hematology,
221,5397,尿胆原,Urobilinogen,Urine,Hematology,5818-0
222,5398,维 C,Vitamin C,Blood,Chemistry,
223,5399,白细胞数,"WBC, CSF",Cerebrospinal Fluid (CSF),Hematology,26465-5
224,5400,白细胞管型,WBC Casts,Urine,Hematology,1431904
225,5401,白/脓细胞计数,WBC/pus cell,Urine,Hematology,
226,5403,红细胞沉降率测定(ESR),Sedimentation Rate,Blood,Hematology,963328
227,5404,细菌,bacterial,Urine,Hematology,
228,5405,细颗粒管型,fine granular cast,Urine,Hematology,
229,5407,血液,Blood,Stool,Hematology,
230,5408,颜色,Color,Urine,Hematology,
231,5409,硬度,Hardness,Stool,,
232,5410,有核细胞数,nucleated cells,Blood,Hematology,
233,5411,隐球菌,Cryptococcus,,,
234,5412,颜色,Color,Stool,Hematology,
235,5413,异形尿红细胞,"Abnormity of red blood cells,urine",Urine,Hematology,
236,5416,脂肪滴,fat drop,Stool,Chemistry,
237,5421,草酸钙结晶,Calcium Oxalate Crystals,Urine,Hematology,1415072
238,5423,皱缩红细胞,crenation of erythrocyte,Blood,Hematology,
239,5492,嗜碱性粒细胞,Basophils,Blood,Hematology,704-7
240,5493,嗜碱性粒细胞绝对值,Basophils Count,Blood,Hematology,
241,5503,淋巴细胞%,"Lymphocytes, Percent",Blood,Hematology,26478-8
242,5511,中性粒细胞%,Neutrophils %,Blood,Hematology,
243,5526,ANA,ANA,Blood,Chemistry,
244,5527,Rib.P-Protein,Rib.P-Protein,Blood,Chemistry,
245,5528,Jo-1,Jo-1,Blood,Chemistry,
246,5529,Sm,Sm,Blood,Chemistry,
247,5530,ds-DNA,ds-DNA,Blood,Chemistry,
248,5531,ss-A/Ro,ss-A/Ro,Blood,Chemistry,
249,5532,ss-B/La,ss-B/La,Blood,Chemistry,
250,5533,u1-RNP,u1-RNP,Blood,Chemistry,
251,5534,Scl-70,Scl-70,Blood,Chemistry,
252,5539,血小板抗体,Platelet antibody,Blood,Hematology,
253,5542,CD25+/CD4+CD3+,CD25+/CD4+CD3+,Blood,Chemistry,
254,5543,HLA-DR+/CD3+CD4+,HLA-DR+/CD3+CD4+,Blood,Chemistry,
255,5544,CD69+/CD3+CD4+,CD69+/CD3+CD4+,Blood,Chemistry,
256,5545,CD25/CD3+CD8+,CD25/CD3+CD8+,Blood,Chemistry,
257,5546,HLA-DR+/CD3+CD8+,HLA-DR+/CD3+CD8+,Blood,Chemistry,
258,5547,CD69+/CD3+CD8+,CD69+/CD3+CD8+,Blood,Chemistry,
259,5550,CD19+GPA+/PAC-1+,CD19+GPA+/PAC-1+,Blood,Chemistry,
260,5555,CD11b,CD11b,Blood,Chemistry,
261,5558,CD19,CD19,Blood,Chemistry,
262,5560,CD19+CD61+/CD19+,CD19+CD61+/CD19+,Blood,Chemistry,
263,5561,CD19+GPA+/CD19+,CD19+GPA+/CD19+,Blood,Chemistry,
264,5562,CD20,CD20,Blood,Chemistry,
265,5564,CD25+/CD3+,CD25+/CD3+,Blood,Chemistry,
266,5565,CD3,CD3,Blood,Chemistry,
267,5567,CD34+,CD34+,Blood,Chemistry,
268,5568,CD4,CD4,Blood,Chemistry,
269,5569,CD4/CD8,CD4/CD8,Blood,Chemistry,
270,5574,红细胞上CD55,CD55,Blood,Hematology,17175-1
271,5575,红细胞上CD59,CD59,Blood,Hematology,17177-7
272,5576,中性粒细胞上CD55,CD55 on neutrophils,Blood,Chemistry,
273,5577,中性粒细胞上CD59,CD59 on neutrophils,Blood,Chemistry,
274,5582,CD69+/CD3+,CD69+/CD3+,Blood,Chemistry,
275,5584,红细胞表面抗体,RBC surface antibody,Blood,Hematology,
276,5585,CD8,CD8,Blood,Chemistry,
277,5591,CMV-PP65,CMV-PP65,Blood,Chemistry,
278,5595,神经母细胞瘤,Neuroblastoma,Blood,Chemistry,
279,5597,HLA-B27,HLA-B27,Blood,Chemistry,
280,5599,HLA-DR+/CD3+,HLA-DR+/CD3+,Blood,Chemistry,
281,5600,human IFN-r,human IFN-r,Blood,Chemistry,
282,5601,human IL-10,human IL-10,Blood,Chemistry,
283,5602,human IL-2,human IL-2,Blood,Chemistry,
284,5603,human IL-4,human IL-4,Blood,Chemistry,
285,5604,human IL-6,human IL-6,Blood,Chemistry,
286,5607,平均荧光强度,Mean Fluorescence Intensity (MFI),Blood,Chemistry,
287,5610,白血病细胞残留MRD,"minimal residual disease, MRD",Blood,Chemistry,
288,5611,CD3-CD16+CD56+,CD3-CD16+CD56+,Blood,Chemistry,
289,5613,PAC-1+CD61+/CD19+,PAC-1+CD61+/CD19+,Blood,Chemistry,
290,5616,CD41a+/CD42+,CD41a+/CD42+,Blood,Chemistry,
291,5617,CD61+/CD42+,CD61+/CD42+,Blood,Chemistry,
292,5620,human TNF,human TNF,Blood,Chemistry,
293,5621,CD34+CD38+,CD34+CD38+,Blood,Chemistry,
294,5622,CD34+CD38-,CD34+CD38-,Blood,Chemistry,
295,5623,腺病毒抗原测定,Adenovirus Antigen,Stool,Chemistry,
296,5625,空肠弯曲菌培养及鉴定,Culture and Identification of Campylobacter jejuni,Stool,,
297,5626,超敏C反应蛋白,C-Reactive Protein,Blood,Chemistry,32264
298,5628,糖化血红蛋白,% Hemoglobin A1c,Blood,Chemistry,967255
299,5631,轮状病毒检测,Rotavirus test,,,
300,5671,总IgE,Immunoglobulin E,Blood,Chemistry,
301,5815,糖原,Glycogen,Blood,Hematology,
302,5818,外铁,Extracellular iron,Blood,Chemistry,
303,5819,内铁,Ferritin,Blood,Chemistry,137424
304,5821,超敏C-反应蛋白测定,C-Reactive Protein,Blood,Chemistry,32264
305,5826,腺病毒抗体测定IgG,Adenovirus Antibody IgG,Blood,Chemistry,
306,5827,腺病毒抗体测定IgM,Adenovirus Antibody IgM,Blood,Chemistry,
307,5832,巨细胞病毒抗体测定IgG,CMV antibody assay (IgG),Blood,Chemistry,
308,5837,单纯疱疹病毒I型抗体测定IgG,HSV-1 IgG antibody,Blood,Chemistry,
309,5838,单纯疱疹病毒II型抗体测定IgG,HSV-2 IgG antibody,Blood,Chemistry,
310,5841,流感病毒抗体测定IgG,Influenza virus antibody test IgG,Blood,Chemistry,
311,5842,流感病毒抗体测定IgM,Influenza virus antibody test IgM,Blood,Chemistry,
312,5846,副流感病毒抗体测定IgG,PIV IgG antibody,Blood,Chemistry,
313,5847,副流感病毒抗体测定IgM,PIV IgM antibody,Blood,Chemistry,
314,5849,呼吸道合胞病毒抗体测定IgG,RSV IgG,Blood,Chemistry,
315,5850,呼吸道合胞病毒抗体测定IgM,RSV IgM,Blood,Chemistry,
316,5852,风疹病毒抗体测定IgG,Rubella virus IgG antibody,Blood,Chemistry,
317,5854,弓形体抗体测定IgG,Toxoplasma IgG antibody assay,Blood,Chemistry,
318,5859,甲型肝炎病毒抗体IgM(ELISA),Hepatitis A Virus IgM Antibody,Blood,Chemistry,22314-9
319,5860,乙型肝炎病毒核心抗体(ELISA),"Hepatitis B Core Antibody, IgM",Blood,Chemistry,31204-1
320,5861,乙型肝炎病毒核心抗体IgM,"Hepatitis B Core Antibody, IgM",Blood,Chemistry,31204-1
321,5862,乙型肝炎病毒e抗体(ELISA),HBV e antibody,Blood,Chemistry,
322,5863,乙型肝炎病毒e抗原(ELISA),HBV e antigen,Blood,Chemistry,
323,5864,乙型肝炎病毒表面抗体(ELISA),Hepatitis B Surface Antibody,Blood,Chemistry,1202958
324,5865,乙型肝炎病毒表面抗原(ELISA),Hepatitis B Surface Antigen,Blood,Chemistry,1203841
325,5866,乙型肝炎病毒前S1抗原(ELISA),HBV pre S1 antigen,Blood,Chemistry,
326,5867,丙型肝炎病毒抗体(ELISA),Hepatitis C Virus Antibody,Blood,Chemistry,16128-1
327,5868,丁型肝炎病毒抗体IgM(ELISA),Hepatitis D virus IgM antibodies,Blood,Chemistry,
328,5869,戊型肝炎病毒抗体IgM(ELISA),Hepatitis E virus antibody IgM (ELISA),Blood,Chemistry,
329,6010,隐血试验,"Blood, Occult",Stool,Hematology,159094
330,6012,微小病毒B19荧光核酸检测,parvovirus B19,Blood,Chemistry,
331,6013,人巨细胞病毒DNA测定,Cytomegaoviyns DNA,Blood,Chemistry,
332,6014,病原体DNA测定(肺炎衣原体),pathogens DNA testing (Chlamydia pneumoniae),Blood,Chemistry,
333,6015,沙眼衣原体DNA测定,Chlamydia trachomatis DNA,Blood,Chemistry,
334,6016,病原体DNA测定(EB病毒),pathogens DNA testing (EBV),Blood,Chemistry,
335,6021,乙型肝炎病毒DNA测定,HBV PCR,Blood,Chemistry,
336,6024,"病原体DNA测定(人乳头瘤病毒16,18)","pathogens DNA testing (HPV 16,18)",Blood,Chemistry,
337,6025,"病原体DNA测定(人乳头瘤病毒6,11)",pathogens DNA testing (HPV 6+11),Blood,Chemistry,
338,6026,单纯疱疹病毒Ⅱ型DNA测定,HSV-2 DNA PCR,Blood,Chemistry,
339,6027,单纯疱疹病毒Ⅱ型DNA测定,HSV-2 DNA PCR,Blood,Chemistry,
340,6035,解脲支原体DNA测定,UU DNA PCR,Throat swab,,
341,6039,17α-羟孕酮测定,17α-hydroxyprogesterone,Blood,Chemistry,
342,6047,ds-DNA,ds-DNA,Blood,Chemistry,
343,6056,衣原体检查（肺炎衣原体IgG）,Chlamydia (IgG),Blood,Chemistry,
344,6057,衣原体检查（肺炎衣原体IgM）,Chlamydia (IgM),Blood,Chemistry,
345,6060,沙眼衣原体肺炎血清学试验(IgG),Chlamydia trachomatis(IgG),Blood,Chemistry,
346,6061,沙眼衣原体肺炎血清学试验(IgM),Chlamydia trachomatis(IgM),Blood,Chemistry,
347,6064,血清脱氢表雄酮及硫酸酯测定,DHEA-Sulfate,Blood,Chemistry,106408
348,6065,EB病毒抗体IgG(EBVCA-IgG),EBV antibody IgG,Blood,Chemistry,
349,6066,EB病毒抗体IgM(EBVCA-IgM),EBV antibody IgM,Blood,Chemistry,
350,6069,葡萄糖6-磷酸脱氢酶活性测定,Quantitative G6PD,Blood,Hematology,32546-4
351,6070,糖化血红蛋白,% Hemoglobin A1c,Blood,Chemistry,967255
352,6073,类胰岛素样生长因子-1,IGF-1,Blood,Chemistry,
353,6074,类胰岛素样生长因子结合蛋白-3,IGFBP-3,Blood,Chemistry,
354,6078,血清C肽测定(血清抑制素B),Serum C-Peptide,Blood,Chemistry,
355,6080,肺炎支原体血清学试验(总抗体),mycoplasma pneumoniae test (all antibody),Blood,Chemistry,
356,6081,肺炎支原体血清学试验(IgM),mycoplasma pneumoniae test (IgM),Blood,Chemistry,
357,6082,病原体DNA测定(肺炎支原体),pathogens DNA testing (Mycoplasma pneumoniae),Blood,Chemistry,
358,6085,前降钙素,Procalcitonin,Blood,Chemistry,
359,6086,苯丙氨酸测定（Phe）,Phenylalanine Testing,Blood,Chemistry,
360,6095,促甲状腺激素,Thyroid Stimulating Hormone,Blood,Chemistry,407672
361,6098,巨细胞病毒抗体测定IgM,CMV antibody assay (IgM),Blood,Chemistry,
362,6099,单纯疱疹病毒I型抗体测定IgM,HSV-1 IgM antibody,Blood,Chemistry,
363,6101,单纯疱疹病毒II型抗体测定IgM,HSV-2 IgM antibody,Blood,Chemistry,
364,6103,风疹病毒抗体测定IgM,Rubella virus IgM antibody,Blood,Chemistry,
365,6105,弓形体抗体测定IgM,Toxoplasma IgM antibody assay,Blood,Chemistry,
366,6109,铜,cooper,Blood,Chemistry,
367,6110,尿铜,"Copper, Urine",Urine,Chemistry,
368,6112,铁,Fe,Blood,Chemistry,
369,6118,血铅,blood lead,Blood,Chemistry,
370,6122,锌,zinc,Blood,Chemistry,
371,6125,副伤寒杆菌A,Paratyphoid bacillus A,Blood,Chemistry,
372,6126,副伤寒杆菌B,Paratyphoid bacillus B,Blood,Chemistry,
373,6127,副伤寒杆菌C,Paratyphoid bacillus C,Blood,Chemistry,
374,6128,伤寒杆菌H,Salmonella typhi,Blood,Chemistry,
375,6129,伤寒杆菌O,Salmonella typhi,Blood,Chemistry,
376,6130,冷凝集试验,CAggT,Blood,Chemistry,
377,6132,梅毒TRUST试验,TP toluidine red unheated serum test,Blood,Chemistry,
378,6136,间接抗人球蛋白试验,indirect antiglobulin test,Blood,Chemistry,
379,6138,直接抗人球蛋白试验,direct antiglobulin test,Blood,Chemistry,
380,6146,促肾上腺皮质激素,adrenocorticotropic hormone,Blood,Chemistry,
381,6148,立位醛固酮测定,Orthostatic aldosterone,Blood,Chemistry,
382,6149,抗甲状腺过氧化物酶抗体,anti-TPOAb,Blood,Chemistry,
383,6150,抗甲状腺球蛋白抗体,anti-thyroglobulin antibodies，TGAb,Blood,Chemistry,
384,6151,β2-微球蛋白,Beta-2 Microglobulin,Blood,Chemistry,32731-2
385,6156,皮质醇,Cortisol,Blood,Chemistry,88907
386,6158,雌二醇,Estradiol,Blood,Chemistry,125370
387,6160,促红细胞生成素,Erythropoietin,Blood,Chemistry,
388,6161,铁蛋白,Ferritin,Blood,Chemistry,137424
389,6162,血清叶酸,Folate,Blood,Chemistry,140468
390,6163,卵泡刺激素,Follicle Stimulating Hormone,Blood,Chemistry,15067-2
391,6164,游离三碘甲状腺原氨酸,"Triiodothyronine (T3),Free",Blood,Chemistry,
392,6165,游离甲状腺素,"Thyroxine (T4), Free",Blood,Chemistry,410716
393,6168,人绒毛膜促性腺激素,"HCG, Urine, Qualitative",Urine,Chemistry,75301
394,6169,生长激素,Growth hormone,Blood,Chemistry,
395,6172,胰岛素,Insulin,Blood,Chemistry,
396,6173,黄体生成素,Luteinizing Hormone,Blood,Chemistry,1599-0
397,6175,孕酮,progesterone,Blood,Chemistry,
398,6176,泌乳素,Prolactin,Blood,Chemistry,344120
399,6180,三碘甲状腺原氨酸,Triiodothyronine (T3),Blood,Chemistry,421278
400,6182,甲状腺素,Thyroxine (T4),Blood,Chemistry,411296
401,6183,游离甲状腺素,"Thyroxine (T4), Free",Blood,Chemistry,410716
402,6185,睾酮,Testosterone,Blood,Chemistry,396868
403,6192,肌钙蛋白I,Troponin I,Blood,Chemistry,10839-9
404,6193,促甲状腺素,Thyroid Stimulating Hormone,Blood,Chemistry,407672
405,6195,维生素B12,Vitamin B12,Blood,Chemistry,98861
406,6196,维生素B12,Vitamin B12,Blood,Chemistry,98861
407,6199,病原体DNA测定（G-）,pathogens DNA testing (G-),Blood,Chemistry,
408,6200,病原体DNA测定（G+）,pathogens DNA testing (G+),Blood,Chemistry,
409,6226,G-球菌,Gram-negative cocci,Blood,Chemistry,
410,6227,G+杆菌,Gram-positive bacilli,Stool,Chemistry,
411,6228,G-杆菌,Gram-negative bacilli,Blood,Chemistry,
412,6229,G+球菌,Gram-positive cocci,Stool,Chemistry,
413,6235,上皮细胞数,Epithelial cells,Urine,Hematology,
414,6236,胆碱脂酶,Cholinesterase,Blood,Chemistry,
415,6240,猫毛皮屑,allergen test: cat hair and dander,,,
416,6241,狗毛皮屑,allergen test: dog hair,,,
417,6242,矮豚草,allergen test:short regweed,,,
418,6243,桑树,Allergen test:mulberry,,,
419,6250,牛肉,Allergen test: beef,,,
420,6252,羊肉,allergen test: Lamb,,,
421,6253,芒果,allergen test: mango,,,
422,6254,腰果,allergen  test:Cashew,,,
423,6259,脂蛋白a,Lipoprotein.alpha,Blood,Chemistry,14813-0
424,6261,胱抑素C,Cystatin C,Blood,Chemistry,
425,6267,丙戊酸血药浓度,Valproic acid blood concentration,Blood,Chemistry,
426,6268,卡马西平血药浓度,Carbamazepine plasma concentration,Blood,Chemistry,
427,6270,地高辛血药浓度,Digoxin plasma concentration,Blood,Chemistry,
428,6271,环孢素A血药浓度,Cyclosporin A blood concentration,Blood,Chemistry,
429,6272,甲氨蝶呤血药浓度,Methotrexate plasma concentration,Blood,Chemistry,
430,6273,茶碱血药浓度,theophylline blood concentrations,Blood,Chemistry,
431,6276,CKMB质量,CK-MB quality,Blood,Chemistry,
432,6279,梅毒螺旋体特异性抗体(TPPA法),treponema pallidum antibody(TPPA),Blood,Chemistry,
433,6280,内毒素,Endotoxin,Blood,Chemistry,
434,6284,血清C肽测定,Serum C-Peptide,Blood,Chemistry,
435,6285,立位肾素活性检测,Orthostatic renin activity,Blood,Chemistry,
436,6287,卧位醛固酮测定,Supine Aldosterone test,Blood,Chemistry,
437,6289,血红蛋白A2测定（HbA2),Hemoglobin A2,Blood,Hematology,968777
438,6290,抗碱血红蛋白测定（HbF）, Alkali-Resistant HB Determination,Blood,Chemistry,
439,6293,降钙素测定,calcitonin,Blood,Chemistry,
440,6294,甲状旁腺激素测定,Parathyroid Hormone,Blood,Chemistry,303730
441,6295,碳13呼气试验,Carbon 13 breath test,,,
442,6297,卧位血管紧张素II测定,Supine Angiotensin II test,Blood,Chemistry,
443,6299,尿分泌型IgA,"Secretory IgA, Urine",Urine,Chemistry,
444,6300,卧位血管紧张素I测定,Supine Angiotensin I test,Blood,Chemistry,
445,6301,透明质酸,Hyaluronic acid,Urine,Chemistry,
446,6302,IV胶原,IV collagen,Blood,Chemistry,
447,6303,层粘连蛋白,Laminin,Blood,Chemistry,
448,6304,III型前胶原氨基端肽,PⅢNP,Blood,Chemistry,
449,6305,ACA,ACA,Blood,Chemistry,
450,6306,PCNA,PCNA,Blood,Chemistry,
451,6307,PM-Sc1,PM-Sc1,Blood,Chemistry,
452,6308,AMA-M2,AMA-M2,Blood,Chemistry,
453,6309,Histones,Histones,Blood,Chemistry,
454,6310,Nucleosomes,Nucleosomes,Blood,Chemistry,
455,6312,骨源性碱性磷酸酶活性,Bone alkaline phosphatase activity,Blood,Chemistry,
456,6314,性别基因(SRY)检测,sex-determining region of Y-chromosome,Blood,Chemistry,
457,6316,单核细胞绝对值,Monocyte Count,Blood,Hematology,26484-6
458,6317,单核细胞,Monocytes,Blood,Hematology,742-7
459,6318,嗜酸性粒细胞绝对值,Eosinophil Count,Blood,Hematology,26449-9
460,6321,血红蛋白A,Hemogloblin A,Blood,Hematology,10346-5
461,6322,身高(cm),Height,Biopsy tissue,,
462,6323,体重(Kg),Weight,,,
463,6324,偏肺病毒,Metapneumovirus,Blood,Chemistry,
464,6325,病原体DNA测定(人乳头瘤病毒6),pathogens DNA testing (HPV 6),Blood,Chemistry,
465,6326,病原体DNA测定(人乳头瘤病毒11),pathogens DNA testing (HPV 11),Blood,Chemistry,
466,6327,病原体DNA测定(人乳头瘤病毒低),pathogens DNA testing (HPV low-risk),Blood,Chemistry,
467,6328,病原体DNA测定(人乳头瘤病毒高),pathogens DNA testing (HPV high-risk),Blood,Chemistry,
468,6331,病原体DNA测定(人乳头瘤病毒6+11),pathogens DNA testing (HPV 6+11),Blood,Chemistry,
469,6334,血氨,Ammonia,Blood,Chemistry,16362-6
470,6337,25羟维生素D,25 hydroxy vitamin D,Blood,Chemistry,
471,6338,丙氨酸,Alanine,Blood,Chemistry,
472,6339,精氨酸,Arginine,Blood,Chemistry,
473,6340,瓜氨酸,citrulline,Blood,Chemistry,
474,6341,甘氨酸,Glycine,Blood,Chemistry,
475,6342,亮氨酸,Leucine,Blood,Chemistry,
476,6343,蛋氨酸,Methionine,Blood,Chemistry,
477,6344,鸟氨酸,Ornithine,Blood,Chemistry,
478,6345,苯丙氨酸,Phenylalanine,Blood,Chemistry,
479,6346,酪氨酸,Tyrosine,Blood,Chemistry,
480,6347,缬氨酸,Valine,Blood,Chemistry,
481,6348,游离肉碱,"Carnitine,Free",Blood,Chemistry,
482,6349,乙酰基肉碱,Acetyl-carnitine,Blood,Chemistry,
483,6350,丙酰基肉碱,Propionyl carnitine,Blood,Chemistry,
484,6351,丙二酰基肉碱,C3DC,Blood,Chemistry,
485,6352,戊二酰基肉碱,C5DC,Blood,Chemistry,
486,6353,己二酰基肉碱,Adipoyl-carnitine,Blood,Chemistry,
487,6354,丁酰基肉碱,Butyryl carnitine,Blood,Chemistry,
488,6355,异戊烯酰基肉碱,Preny Carnitine Chloride ,Blood,Chemistry,
489,6383,异戊酰基肉碱,Isovaleryl Carnitine Chloride ,Blood,Chemistry,
490,6384,3-羟基丁酰基肉碱,C4-OH,Blood,Chemistry,
491,6385,己酰基肉碱,Hexanoyl carnitine,Blood,Chemistry,
492,6386,3-羟基异戊酰基肉碱,C5-OH,Blood,Chemistry,
493,6387,辛烯酰基肉碱,Octene acylcarnitines,Blood,Chemistry,
494,6388,辛酰基肉碱,Octanoylcarnitine,Blood,Chemistry,
495,6389,癸二烯酰基肉碱,C10:2,Blood,Chemistry,
496,6390,癸烯酰基肉碱,Decene acylcarnitines (C10:1),Blood,Chemistry,
497,6391,癸酰基肉碱,Decanoylcarnitine (C10),Blood,Chemistry,
498,6392,十二烯酰基肉碱,C12:1,Blood,Chemistry,
499,6393,十二烷酰基肉碱,C12,Blood,Chemistry,
500,6394,十四二烯酰基肉碱,C14:2,Blood,Chemistry,
501,6395,十四烯酰基肉碱,C14:1,Blood,Chemistry,
502,6396,十四烷酰基肉碱,C14,Blood,Chemistry,
503,6397,3-羟基十四烷酰基肉碱,C14-OH,Blood,Chemistry,
504,6398,十六烯酰基肉碱,C16:1,Blood,Chemistry,
505,6399,十六烷酰基肉碱,C16,Blood,Chemistry,
506,6400,3-羟基十六烯酰基肉碱,C16:1-OH,Blood,Chemistry,
507,6401,3-羟基十六烷酰基肉碱,C16-OH,Blood,Chemistry,
508,6403,十八二烯酰基肉碱,C18:2,Blood,Chemistry,
509,6404,十八烯酰基肉碱,C18:1,Blood,Chemistry,
510,6405,十八烷酰基肉碱,C18,Blood,Chemistry,
511,6406,3-羟基十八烯酰基肉碱,C18:1-OH,Blood,Chemistry,
512,6407,3-羟基十八烷酰基肉碱,C18-OH,Blood,Chemistry,
513,6408,PHE/TYR,PHE/TYR,Blood,Chemistry,
514,6409,C3/C2,C3/C2,Blood,Chemistry,
515,6419,脯氨酸,Proline,Blood,Chemistry,
516,6426,肾小管型蛋白,Tubular-type protein,Urine,Chemistry,
517,6427,肾小球型蛋白,Glomerular-type protein,Urine,Chemistry,
518,6428,肠道病毒通用型（HEV)核酸检测,HEV nucleic acid testing,Blood,Chemistry,
519,6429,肠道病毒71型（EV71)核酸检测,EV71 nucleic acid testing,Blood,Chemistry,
520,6430,柯萨齐病毒A16型（CA16)核酸检测,Coxsackievirus A16 nucleic acid testing,Blood,Chemistry,
521,6436,乙型肝炎病毒表面抗原,Hepatitis B Surface Antigen,Blood,Chemistry,1203841
522,6437,TRUST试验阳性滴度,TRUST test postive titer,Blood,Chemistry,
523,6438,同型半胱氨酸,Homocysteine,Blood,Chemistry,13965-9
524,6452,血片镜检,blood smear microscopy examination,Blood,Chemistry,
525,6456,总铁结合力,"Iron Binding Capacity, Total",Blood,Chemistry,219329
526,6457,不饱和铁结合力,Unsaturated iron binding capacity,Blood,Chemistry,
527,6458,铁,Fe,Blood,Chemistry,
528,6459,铁蛋白,Ferritin,Blood,Chemistry,137424
529,6463,脑脊液IgG,"IgG,cerebros spinal fluid",Cerebrospinal Fluid (CSF),Chemistry,
530,6464,脑脊液白蛋白,<Albumin>,Cerebrospinal Fluid (CSF),Chemistry,1746-7
531,6465,血清白蛋白,Serum Albumin,Blood,Chemistry,
532,6466,血清IgG,Serum IgG,Blood,Chemistry,
533,6467,csf指数,IgG index of CSF,Blood,Chemistry,
534,6471,血清溶血指数(Hem),Serum hemolytic index,Blood,Chemistry,
535,6472,血清黄疸指数（Ict）,Serum  icteric index,Blood,Chemistry,
536,6473,血清脂浊指数（Lip）,Lipase,Blood,Chemistry,416438
537,6475,细胞毒素相关蛋白A（CagA）,Cytotoxin-associated protein A (CagA),Blood,Chemistry,
538,6476,细胞空泡毒素蛋白A（VacA）,Vacuolating cytotoxin A (VacA),Blood,Chemistry,
539,6477,尿素（干片法）,Urea,Blood,Chemistry,
540,6482,Rh血型鉴定,Rh blood typing,Blood,Chemistry,
541,6483,ABO血型鉴定,ABO blood typing,Blood,Chemistry,
542,6489,管型,Casts,Urine,Hematology,
543,6493,父亲ABO血型鉴定,"ABO blood typing, father",Blood,Chemistry,
544,6494,父亲Rh血型鉴定,"Rh blood typing, father",Blood,Chemistry,
545,6495,母亲ABO血型鉴定,"ABO blood type, mother",Blood,Chemistry,
546,6496,母亲Rh血型鉴定,"Rh blood type, mother",Blood,Chemistry,
547,6497,患婴ABO血型鉴定,"ABO blood typing, infants",Blood,Chemistry,
548,6498,患婴Rh血型鉴定,"Rh blood typing, infants",Blood,Chemistry,
549,6499,母亲红细胞不规则抗体筛选,"Red Blood Cells  Antibody Screening, mother",Blood,Chemistry,
550,6500,患婴直接抗人球蛋白试验,Coombs test in infants,Blood,Chemistry,
551,6501,患婴游离抗体,Free antibody in infants,Blood,Chemistry,
552,6502,患婴释放抗体,Release antibody in infants,Blood,Chemistry,
553,6507,印象：,Impression,Blood,,
554,6514,梅毒螺旋体特异性抗体(ELISA),treponema pallidum antibody(ELISA),Blood,Chemistry,
555,6515,尿红细胞镜检,RBC,Urine,Hematology,1427369
556,6516,尿白细胞镜检,WBC,Urine,Hematology,1432208
557,6518,乙型肝炎病毒表面抗原,Hepatitis B Surface Antigen,Blood,Chemistry,1203841
558,6519,人类免疫缺陷病毒抗体,HIV Antibody,Blood,Chemistry,1212851
559,6520,梅毒螺旋体抗体,treponema pallidum antibody,Blood,Chemistry,
560,6521,丙型肝炎病毒抗体,Hepatitis C Virus Antibody,Blood,Chemistry,16128-1
561,6522,卧位肾素活性检测,Supine plasma renin activity (PRA) test,Blood,Chemistry,
562,6524,B型钠尿肽,B-type Natriuretic Protein,Blood,Chemistry,
563,6525,超敏肌钙蛋白T,Troponin T,Blood,Chemistry,1716093
564,6526,尿白蛋白,"Albumin, Urine",Urine,Chemistry,1754-1
565,6527,立位血管紧张素II测定,Orthostatic angiotensin II,Blood,Chemistry,
566,6528,立位血管紧张素I测定,Orthostatic angiotensin I,Blood,Chemistry,
567,6530,结核抗体（LAM）,Tuberculosis antibody (LAM),Blood,Chemistry,
568,6531,结核抗体（38KDa）,Tuberculosis antibody(38kDa),Blood,Chemistry,
569,6532,结核抗体（16KDa）,Tuberculosis antibody(16kDa),Blood,Chemistry,
570,6534,中、晚幼粒细胞,Myelocytes and Metamyelocytes,Blood,Hematology,
571,6539,血浆内皮素,Plasma endothelin,Blood,Chemistry,
572,6540,抗体筛查,antibody screening,Blood,Chemistry,
573,6543,弹力图R值,TEG R,Blood,Chemistry,
574,6544,弹力图K值,TEG K,Blood,Chemistry,
575,6545,弹力图Angle,TEG Angle,Blood,Chemistry,
576,6546,弹力图MA,TEG MA,Blood,Chemistry,
577,6547,综合凝血指数CI,Coagulation?Index,Blood,Chemistry,
578,6548,弹力图EPL,TEG EPL,Blood,Chemistry,
579,6549,弹力图LY30,TEG LY30,Blood,Chemistry,
580,6550,弹力图G值,TEG G,Blood,Chemistry,
581,6551,弹力图A值,TEG A,Blood,Chemistry,
582,6553,同型半胱氨酸,Homocysteine,Blood,Chemistry,13965-9
583,6554,艾蒿,allergen test: felon herb,,,
584,6555,CCD,CCD,Blood,Chemistry,
585,6556,鲑鱼,allergen test: salmon,,,
586,6557,海鱼组合1（鳕鱼/龙虾/扇贝）,allergen test: cod fish/lobster/scallop,,,
587,6558,屋尘螨/粉尘螨,allergen test:mites,,,
588,6559,点青霉/分枝孢霉/烟曲霉/交链孢霉,allergen test: Penicillium notatum / branch Mortierella / Aspergillus fumigatus / alternata,,,
589,6560,黄豆,allergen test: soy,,,
590,6561,花生,allergen test: peanut,,,
591,6562,狗上皮,allergen test: dog skin,,,
592,6563,猫毛,allergen test: cat hair,,,
593,6564,律草,allergen test:Humulus japonicus,,,
594,6565,普通豚草,Allergen test: Ambrosia artemisiifolia,,,
595,6566,屋尘,allergen test:dust,,,
596,6567,鸡蛋白,allergen test: egg white,,,
597,6568,牛奶,Allergen test: milk,,,
598,6569,虾,allergen test: shrimp,,,
599,6570,蟹,allergen test:crab,,,
600,6571,蟑螂,Allergen test: cockroach,,,
601,6572,柳树/杨树/榆树,allergen test:Willow/Poplar/Elm,,,
602,6573,幽门螺杆菌培养及鉴定,HP culture,tissue biopsy,,
603,6582,军团菌抗体测定（IgG,Legionella antibody assay (IgG),Blood,Chemistry,
604,6583,军团菌抗体测定（IgM,Legionella antibody assay (IgM),Blood,Chemistry,
605,6586,C8/C3,C8/C3,Blood,Chemistry,
606,6587,C8/C10,C8/C10,Blood,Chemistry,
607,6588,C14:1/C8,C14:1/C8,Blood,Chemistry,
608,6589,C14:1/C16,C14:1/C16,Blood,Chemistry,
609,6590,C16-OH/C3,C16-OH/C3,Blood,Chemistry,
610,6591,C0/(C16+C18),C0/(C16+C18),Blood,Chemistry,
611,6592,C5/C2,C5/C2,Blood,Chemistry,
612,6593,C5/C3,C5/C3,Blood,Chemistry,
613,6594,C5DC/C8,C5DC/C8,Blood,Chemistry,
614,6595,C5DC/C16,C5DC/C16,Blood,Chemistry,
615,6596,C5-OH/C3,C5-OH/C3,Blood,Chemistry,
616,6597,C5-OH/C8,C5-OH/C8,Blood,Chemistry,
617,6599,C3/C0,C3/C0,Blood,Chemistry,
618,6600,C3DC/C4,C3DC/C4,Blood,Chemistry,
619,6602,LEU/PHE,LEU/PHE,Blood,Chemistry,
620,6603,VAL/PHE,VAL/PHE,Blood,Chemistry,
621,6604,MET/PHE,MET/PHE,Blood,Chemistry,
622,6605,CIT/ORN,CIT/ORN,Blood,Chemistry,
623,6606,CIT/PHE,CIT/PHE,Blood,Chemistry,
624,6607,TYR/PHE,TYR/PHE,Blood,Chemistry,
625,6608,ARG/PHE,ARG/PHE,Blood,Chemistry,
626,6609,ORN/PHE,ORN/PHE,Blood,Chemistry,
627,6610,ARG/ORN,ARG/ORN,Blood,Chemistry,
628,6611,ORN/CIT,ORN/CIT,Blood,Chemistry,
629,6613,C4/C2,C4/C2,Blood,Chemistry,
630,6614,C4/C3,C4/C3,Blood,Chemistry,
631,6616,C6/C3,C6/C3,Blood,Chemistry,
632,6617,C10/C3,C10/C3,Blood,Chemistry,
633,6618,C14/C3,C14/C3,Blood,Chemistry,
634,6619,C16/C2,C16/C2,Blood,Chemistry,
635,6620,C16/C3,C16/C3,Blood,Chemistry,
636,6621,C18/C3,C18/C3,Blood,Chemistry,
637,6622,C18-OH/C3,C18-OH/C3,Blood,Chemistry,
638,6623,(C16+C18:1)/C2,(C16+C18:1)/C2,Blood,Chemistry,
639,6624,EB病毒早期抗原抗体测定(IgM),EBV-EA IgM,Blood,Chemistry,
640,6625,EB病毒早期抗原抗体测定(IgG),EBV-EA IgG,Blood,Chemistry,
641,6626,EB病毒核抗原抗体测定(IgG),EBNA lgG,Blood,Chemistry,
642,6627,IgG1,IgG1,Blood,Chemistry,
643,6628,IgG2,IgG2,Blood,Chemistry,
644,6629,IgG3n,IgG3n,Blood,Chemistry,
645,6630,IgG4n,IgG4n,Blood,Chemistry,
646,6633,他克莫司血药浓度,Tacrolimus blood concentration,Blood,Chemistry,
647,6651,幽门螺杆菌现症感染蛋白抗体测定,HP infection protein antibody test,Blood,Chemistry,
648,6652,幽门螺杆菌全菌IgG抗体,HP IgG antibody test,Blood,Chemistry,
649,6653,各类病原体RNA（甲流通用型）,RNA testing for pathogens(Influenza A general),Blood,Chemistry,
650,6654,各类病原体RNA（H7）,RNA testing for pathogens(H7),Blood,Chemistry,
651,6655,各类病原体RNA（N9）,RNA testing for pathogens(N9),Blood,Chemistry,
652,6661,真菌D-葡聚糖检测（G试验）,Glucan Test,Blood,Chemistry,
653,6669,拉莫三嗪血清药物浓度,Lamotrigine serum drug concentration,Blood,Chemistry,
654,6670,奥卡西平代谢产物(MHD),Oxcarbazepine metabolite (MHD),Blood,Chemistry,
655,6708,结核感染T细胞斑点试验,TB infection T cells spot test,Blood,Chemistry,
656,6709,抗J0-1抗体,anti-J0-1 antibody,Blood,Chemistry,
657,6711,抗PM-SCL抗体,anti-PM-SCL antibody,Blood,Chemistry,
658,6712,抗SCL-70抗体,anti-SCL-70 antibody,Blood,Chemistry,
659,6713,抗SM抗体,anti-SM antibody,Blood,Chemistry,
660,6714,抗SSA抗体,Anti-SSA antibody,Blood,Chemistry,
661,6715,抗SSB抗体,anti-SSB antibody,Blood,Chemistry,
662,6716,抗U1nRNP抗体,U1nRNP,Blood,Chemistry,
663,6717,抗波形蛋白抗体, anti-vimentin antibody,Blood,Chemistry,
664,6718,抗纺锤体抗体,anti-nuclear mitoticspindle apparatus antibody,Blood,Chemistry,
665,6719,抗高尔基体抗体,anti-Golgi apparatus antibody,Blood,Chemistry,
666,6721,抗核抗体检测,Anti-nuclear antibody test,Blood,Chemistry,
667,6722,抗核糖体P蛋白抗体,anti-ribosomal P-protein antibody,Blood,Chemistry,
668,6723,抗核小体抗体,Anti-nucleosome antibody,Blood,Chemistry,
669,6725,抗肌动蛋白抗体,anti-actin antibody,Blood,Chemistry,
670,6727,抗嗜中性粒细胞胞质抗体-核周型,pANCA,Blood,Chemistry,
671,6728,抗嗜中性粒细胞胞质抗体-细胞质型,cANCA,Blood,Chemistry,
672,6729,抗双链DNA抗体,Anti-dsDNA antibody,Blood,Chemistry,
673,6731,抗线粒体抗体2型抗体IgG,AMA-M2 antibody IgG,Blood,Chemistry,
674,6732,抗心磷脂抗体,anti cardiolipin antibody,Blood,Chemistry,
675,6735,抗增殖性细胞核抗原抗体,PCNA,Blood,Chemistry,
676,6736,抗着丝粒抗体,anti-centromere antibody,Blood,Chemistry,
677,6737,抗组蛋白抗体,anti-histone antibody,Blood,Chemistry,
678,6741,血液病外周血染色体核型分析,karyotypes in peripheral blood of patients with hematological diseases,Blood,Chemistry,
679,6748,性激素结合球蛋白,Sex Hormone Binding Globulin,Blood,Chemistry,380585
680,6750,抗胰岛细胞抗体（40Kd）,anti-islet cell antibody (40kd）),Blood,Chemistry,
681,6751,抗胰岛细胞抗体（64Kd,anti-islet cell antibody (64kd),Blood,Chemistry,
682,6752,抗胰岛素抗体,anti-islet cell antibody,Blood,Chemistry,
683,6753,谷氨酸脱羧酶抗体,glutamic acid decarboxylase antibody,,,
684,6754,酪氨酸磷酸酶抗体,Tyrosine Phosphatase antibody,Blood,Chemistry,
685,6758,丙二酰基肉碱+3-羟基-丁酰基肉碱,C3DC+C4-OH,Blood,Chemistry,
686,6759,甲基丙二酰基肉碱+3-羟基-异戊酰基肉碱,C5DC/C6OH,Blood,Chemistry,
687,6760,戊二酰基肉碱+3-羟基-己酰基肉碱,C5DC+C6-OH,Blood,Chemistry,
688,6764,(C3DC+C4-OH)/C4,(C3DC+C4-OH)/C4,Blood,Chemistry,
689,6766,(C4DC+C5-OH)/C8,(C4DC+C5-OH)/C8,Blood,Chemistry,
690,6767,(C5DC+C6-OH)/C8,(C5DC+C6-OH)/C8,Blood,Chemistry,
691,6768,(C5DC+C6-OH)/C16,(C5DC+C6-OH)/C16,Blood,Chemistry,
692,6780,半乳糖测定,Galactose,Blood,Chemistry,
693,6781,琥珀酸丙酮,succinylacetone,Blood,Chemistry,
694,6782,(C4DC+C5-OH)/C3,(C4DC+C5-OH)/C3,Blood,Chemistry,
695,6783,SA/PHE,SA/PHE,Blood,Chemistry,
696,6784,PRO/PHE,PRO/PHE,Blood,Chemistry,
697,6785,丙型肝炎病毒核心抗原(ELISA),Hepatitis C Virus Core antigen,Blood,Chemistry,
698,6794,糖类抗原125,Carbohydrate antigen 125,Blood,Chemistry,
699,6795,神经元特异烯醇化酶,Neuron-specific enolase,Blood,Chemistry,
700,6796,脂肪酶,Lipase,Blood,Chemistry,416438
701,6798,尿尿酸(24H),"Uric Acid, Urine(24h)",Urine,Chemistry,
702,6799,转铁蛋白饱和度,Transferrin saturation,Blood,Chemistry,
703,6800,血浆凝血因子FVIII抑制物测定,Factor VIII Inhibitor,Blood,Hematology,476399
704,6801,骨钙素,Osteocalcin,Blood,Chemistry,
705,6802,血清B-胶原降解产物,B-collagen degradation products,Blood,Chemistry,
706,6803,抗酒石酸酸性磷酸酶5b(仪器法),TRAP 5b,Blood,Chemistry,
707,6804,甲状旁腺激素,Parathyroid Hormone,Blood,Chemistry,303730
708,6805,I型前胶原氨基端前肽,PINP,Blood,Chemistry,
709,6806,病原体RNA测定（肺炎支原体）,pathogens RNA testing (Mycoplasma pneumoniae),Blood,Chemistry,
710,6809,病原体RNA（肺炎支原体）,pathogens RNA testing (Mycoplasma pneumoniae),Blood,Chemistry,
711,6811,尿微量白蛋白/尿肌酐,"Albumin/Creatinine, Urine",Urine,Chemistry,14958-3
712,6812,抗线粒体抗体,anti-mitochondrial antibody(AMA),Blood,Chemistry,
713,6813,抗平滑肌抗体,Anti-Smooth Muscle Ab (ASMA),Blood,Chemistry,
714,6818,尿香草苦杏仁酸,"VMA,urine",Urine,Chemistry,
715,6819,柯萨奇病毒抗体IgM,coxsackie virus antibody IgM,Blood,Chemistry,
716,6820,柯萨奇病毒抗体IgG,coxsackie virus antibody IgG,Blood,Chemistry,
717,6827,抗环瓜氨酸肽抗体,anti-cyclic citrullinated peptide antibody,Blood,Chemistry,
718,6832,人抗缪勒氏管激素,Human anti-Mullerian hormone,Blood,Chemistry,
719,6837,24小时尿131碘排泄试验,24-hour urine 131 iodine excretion,Urine,Chemistry,
720,6838,24小时尿游离皮质醇测定,24-hour urinary free cortisol,Urine,Chemistry,
721,6839,血清双氢睾酮,Serum dihydrotestosterone,Blood,Chemistry,
722,6840,促甲状腺受体抗体,thyrotropin receptor antibody,Blood,Chemistry,
723,6841,ALY%,Atypical Lymphocytes,Blood,Hematology,733-6
724,6842,LIC%,LIC%,Blood,Chemistry,
725,6843,P-LCR%,P-LCR%,Blood,Chemistry,
726,6845,ABO正反定型,ABO Forward and Reverse typing,Blood,Chemistry,
727,6847,血儿茶酚胺,Catecholamine,Blood,Chemistry,
728,6848,尿儿茶酚胺,"Catecholamine,Urine",Urine,Chemistry,
729,6849,苋,allergen test:Amaranth,,,
730,6850,混合草,allergen test: mixed grass,,,
731,6851,霉菌组合,allergen test: mold,,,
732,6852,树花粉组合,Allergen test: pollen,,,
733,6853,贝,allergen test: shellfish,,,
734,6854,菠萝,allergen test: pineapple,,,
735,6855,龙虾/扇贝,allergen test: Lobster/scallops,,,
736,6856,鳕鱼,Allergen test: gadus,,,
737,6857,补体C1q,C1q,Blood,Chemistry,
738,6858,GJB2基因35 del G,GJB2 35 del G,Blood,Chemistry,
739,6860,GJB2基因176 del 16,GJB2 176 del 16,Blood,Chemistry,
740,6861,GJB2基因235 del C,GJB2 235 del C,Blood,Chemistry,
741,6862,GJB2基因299 del AT,GJB2 299 del AT,Blood,Chemistry,
742,6863,GJB3基因 538 C >T,GJB3 538 C>T,Blood,Chemistry,
743,6864,SLC26A4基因 2168 A>G,SLC26A4 2168 A>G,Blood,Chemistry,
744,6865,SLC26A4基因 IVS7-2 A>G,SLC26A4 IVS7-2 A>G,Blood,Chemistry,
745,6868,线粒体12SrRNA基因1494C>T,Mitocondrone 12S rRNA 1494A>G,Blood,Chemistry,
746,6869,线粒体12SrRNA基因1555A>G,Mitocondrone 12S rRNA 1555A>G,Blood,Chemistry,
747,6871,G6PD/6PGD比值,G6PD/6PGD,Blood,Chemistry,
748,6872,G6PD,Quantitative G6PD,Blood,Hematology,32546-4
749,6873,6PGD,6PGD,Blood,Chemistry,
750,6874,梅毒螺旋体特异性抗体(化学发光),treponema pallidum antibody(chemical),Blood,Chemistry,
751,6875,丙型肝炎病毒抗体(化学发光),Hepatitis C Virus Antibody,Blood,Chemistry,16128-1
752,6876,人类免疫缺陷病毒抗体(化学发光),HIV Antibody,Blood,Chemistry,1212851
753,6877,乙型肝炎病毒表面抗原(化学发光),Hepatitis B Surface Antigen,Blood,Chemistry,1203841
754,6884,交叉配血次侧,cross-matching of blood,Blood,Chemistry,
755,6888,I型胶原交联羧基末端肽,ICTP,Blood,Chemistry,
756,6889,正常对照：PT（手工法）,Reference:PT (manuall),Blood,Hematology,
757,6890,凝血酶原时间测定（手工法）,PT,Blood,Hematology,1461733
758,6891,正常对照：APTT（手工法）,Reference:APTT (manuall),Blood,Hematology,
759,6892,活化部分凝血活酶时间测定（手工法）,APTT,Blood,Chemistry,
760,6893,水浴2h后VIII因子活性,Factor VIII activity after 2h water bath,Blood,Chemistry,
761,6912,-82C>A,-82C>A,Blood,Chemistry,
762,6913,45_46insG或48_49insG,45_46insG or 48_49insG,Blood,Chemistry,
763,6914,52A>T,52A>T,Blood,Chemistry,
764,6915,92+5G>C,92+5G>C,Blood,Chemistry,
765,6916,91A>G,91A>G,Blood,Chemistry,
766,6917,92+1G>T,92+1G>T,Blood,Chemistry,
767,6918,79G>A,79G>A,Blood,Chemistry,
768,6919,84_85insC,84_85insC,Blood,Chemistry,
769,6920,124_127delTTCT,124_127delTTCT,Blood,Chemistry,
770,6934,1004C>T,1004C>T,Blood,Chemistry,
771,6935,1024C>T,1024C>T,Blood,Chemistry,
772,6938,1388G>A,1388G>A,Blood,Chemistry,
773,6947,25羟维生素D(仪器法),25 hydroxy vitamin D,Blood,Chemistry,
774,6950,抗苗勒氏管激素,Anti-Mullerian hormone,Blood,Chemistry,
775,6951,甲状腺结合球蛋白,thyroxine-binding globulin,Blood,Chemistry,
776,6952,雄烯二酮,Androstenedione,Blood,Chemistry,
777,6954,血肌酐,Creatinine,Blood,Chemistry,2160-0
778,6955,尿微量白蛋白/肌酐,"Albumin/Creatinine, Urine",Urine,Chemistry,14958-3
779,6957,尿免疫球蛋白G/肌酐,"IgG/Creatinine, Urine",Urine,Chemistry,
780,6959,β2-微球蛋白/肌酐,Beta-2 Microglobulin/creatinine,Blood,Chemistry,
781,6966,各类病原体RNA检测（甲型流感,RNA testing for pathogens(Influenza A),Blood,Chemistry,
782,6967,各类病原体RNA检测（乙型流感,RNA testing for pathogens(Influenza B),Blood,Chemistry,
783,6970,尿氯（24小时）,"Chloride, Urine",Urine,Chemistry,65106
784,6984,巨细胞病毒抗体测定IgG,CMV antibody assay (IgG),Blood,Chemistry,
785,6985,单纯疱疹病毒I型抗体测定IgG,HSV-1 IgG antibody,Blood,Chemistry,
786,6986,单纯疱疹病毒II型抗体测定IgG,HSV-2 IgG antibody,Blood,Chemistry,
787,6987,风疹病毒抗体测定IgG,Rubella virus IgG antibody,Blood,Chemistry,
788,6988,弓形体抗体测定IgG,Toxoplasma IgG antibody assay,Blood,Chemistry,
789,6989,巨细胞病毒抗体测定IgM,CMV antibody assay (IgM),Blood,Chemistry,
790,6990,单纯疱疹病毒II型抗体测定IgM,HSV-2 IgM antibody,Blood,Chemistry,
791,6991,风疹病毒抗体测定IgM,Rubella virus IgM antibody,Blood,Chemistry,
792,6992,弓形体抗体测定IgM,Toxoplasma IgM antibody assay,Blood,Chemistry,
793,6993,单纯疱疹病毒I型抗体测定IgM,HSV-1 IgM antibody,Blood,Chemistry,
794,6994,肺炎支原体血清学试验(IgG),mycoplasma pneumoniae test (IgG),Blood,Chemistry,
795,6995,谷氨酸脱羧酶抗体,glutamic acid decarboxylase antibody,Blood,Chemistry,
796,6996,胰岛素自身抗体,Insulin autoantibody,Blood,Chemistry,
797,6997,酪氨酸磷酸酶抗体,Tyrosine Phosphatase antibody,Blood,Chemistry,
798,6998,胰岛细胞抗体,Islet cell antibody,Blood,Chemistry,
799,6999,肺炎支原体血清学试验(IgM),mycoplasma pneumoniae test (IgM),Blood,Chemistry,
800,7000,肺炎衣原体血清学试验(IgM),mycoplasma pneumoniae test (IgM),Blood,Chemistry,
801,7001,肺炎衣原体血清学试验(IgG),mycoplasma pneumoniae test (IgG),Blood,Chemistry,
802,7002,EB病毒抗体IgM(EBVCA-IgM),EBV antibody IgM,Blood,Chemistry,
803,7003,EB病毒抗体IgG(EBVCA-IgG),EBV antibody IgG,Blood,Chemistry,
804,7005,EB病毒核抗原抗体测定(IgG),EBNA lgG,Blood,Chemistry,
805,7006,EB病毒早期抗原抗体测定(IgM),EBV-EA IgM,Blood,Chemistry,
806,7007,锌转运蛋白8抗体,ZnT8A,Blood,Chemistry,
807,7008,军团菌抗体测定,Legionella antibody assay ,Blood,Chemistry,
808,7012,有核红细胞绝对值,Absolute nucleated cells,Blood,Hematology,
809,7013,白细胞:有核红细胞,WBC: nucleated RBC,Blood,Hematology,
810,7014,free(NMN+M,free(NMN+M),Blood,Chemistry,
811,7015,多巴胺,dopamine,Blood,Chemistry,
812,7016,抗柯萨奇病,anti-Coxsackie,Blood,Chemistry,
813,7017,抗原A孔,Antigen A well,Blood,Chemistry,
814,7018,抗原B孔,Antigen B well,Blood,Chemistry,
815,7019,抗增殖细胞,Antiproliferative cell,Blood,Chemistry,
816,7020,抗中性粒细,Antineutrophil,Blood,Chemistry,
817,7021,去甲肾上腺,norepinephrine,Blood,Chemistry,
818,7022,全血钙,whole blood Calcium,Blood,Chemistry,
819,7023,全血镁,whole blood Magnesium,Blood,Chemistry,
820,7024,全血铁,whole blood Iron,Blood,Chemistry,
821,7025,全血铜,whole blood Copper,Blood,Chemistry,
822,7026,全血锌,whole blood Zinc,Blood,Chemistry,
823,7027,肾上腺素,adrenaline,Blood,Chemistry,
824,7028,血红蛋白S/,Hemogloblin S,Blood,Hematology,994373
825,7029,阳性对照孔,postive control well,Blood,Chemistry,
826,7030,阴性对照孔,Negative control well,Blood,Chemistry,
827,7031,游离多巴胺,Free dopamine,Urine,Chemistry,
828,7032,游离甲氧基,Free methoxy norepinephrine,Blood,Chemistry,
829,7033,游离去甲肾,Free norepinephrine,Urine,Chemistry,
830,7034,游离肾上腺,Fee adrenaline,Urine,Chemistry,
831,6866,除中晚幼粒外幼稚细胞,"Immature cells, except myelocytes and metamyelocytes",Blood,Hematology,
832,6867,除早中晚幼粒外幼稚细胞,"Immature cells, except myelocytes, metamyelocytes and promyelocytes",Blood,Hematology,
